Workbook

Sheet Cover
A1: Godrej Consumer Products · AIdea UAT
A2: AIdea – User Acceptance Testing
A3: End-to-end feature testing for the AI Innovation Challenge platform
A5: Purpose | B5: Confirm that every AIdea flow works end to end before go-live, from idea submission to published Favorite Project results.
A6: In scope | B6: Sign-in and accounts, program setup, idea submission, reviewer routing, mentor review, screening, qualifier, project mentor, presentation upload, team membership, final presentation, showcase content, voting, voting results, reports, audit, notifications, theme and mobile.
A7: Out of scope | B7: Performance and load, Microsoft SSO tenant setup, email delivery (the app does not send email), penetration testing.
A9: Environment URL
A10: Build / commit
A11: Database
A12: Test window
A13: UAT program name
A15: How to use | B15: 1. Prepare accounts and data from "Test Accounts & Data". Run UAT in a dedicated program: every Publish button publishes all ready ideas in the active program. 2. Run the journeys in order (J01 → J14); later cases reuse data from earlier ones (UAT Idea A, B, C). 3. For each case fill the yellow columns: Actual result, Status, Defect ID, Tester, Date, Evidence. 4. For every Fail, add a row in "Defect Log" and put its Defect ID on the case. 5. "Summary Dashboard" updates automatically. Collect approvals in "Sign-off".
A16: Status values | B16: Not run · Pass · Fail · Blocked (cannot run because of another defect or missing data)
A17: [Known gap] cases | B17: Cases marked [Known gap] describe the intended behaviour for an issue already known in the current build. Run them and log a defect if the build behaves differently, so the gap is tracked.
A18: Language | B18: Steps and expected results are given in English and Bahasa Indonesia. Button and menu names stay in English as shown in the app. The Bahasa Indonesia text is a draft translation and should be reviewed by a native speaker.
A19: Cells to edit | B19: Yellow cells are for testers. Do not edit formulas on the Summary Dashboard.

Sheet Test Cases
A1: Godrej Consumer Products · AIdea UAT
A2: Test Cases
A3: 46 end-to-end cases across 14 journeys · fill the yellow columns
A5: ID | B5: Journey | C5: Module | D5: Scenario | E5: Type | F5: Priority | G5: Tester role | H5: Preconditions | I5: Test data | J5: Steps (EN) | K5: Steps (ID) | L5: Expected result (EN) | M5: Expected result (ID) | N5: Actual result | O5: Status | P5: Defect ID | Q5: Tester | R5: Date | S5: Evidence / notes
A6: E2E-01-01 | B6: J01 Access & accounts | C6: User Management | D6: Admin creates a user and receives a one-time temporary password | E6: Positive | F6: High | G6: ADM-1 | H6: Signed in as ADM-1. Email domain is on the allow-list. | I6: Full name "UAT Tester One", a new work email, Role = User | J6: 1. Open People › User Management. 2. Click Add user. 3. Enter Full name, Work email, Role = User. Leave Temporary password empty. 4. Click Create user. 5. Click Copy, then Done. | K6: 1. Buka People › User Management. 2. Klik Add user. 3. Isi Full name, Work email, Role = User. Kosongkan Temporary password. 4. Klik Create user. 5. Klik Copy, lalu Done. | L6: A "Temporary password" dialog shows a generated password once. The user appears in the list with the "Password change pending" badge. Reports & Audit shows a user_created entry. | M6: Dialog "Temporary password" menampilkan kata sandi sekali saja. Pengguna muncul di daftar dengan badge "Password change pending". Audit mencatat user_created. | O6: Not run
A7: E2E-01-02 | B7: J01 Access & accounts | C7: Sign-in | D7: First sign-in forces a password change | E7: Positive | F7: High | G7: New user from E2E-01-01 | H7: E2E-01-01 passed. | I7: Temporary password from E2E-01-01; new password of 12+ characters | J7: 1. Sign in with the temporary password. 2. Try to open /overview. 3. On Change password, enter a new password of 11 characters. 4. Enter the current password as the new password. 5. Enter a valid 12+ character password in New password and Confirm new password. Click Change password. | K7: 1. Login dengan kata sandi sementara. 2. Coba buka /overview. 3. Di Change password, isi kata sandi baru 11 karakter. 4. Isi kata sandi lama sebagai kata sandi baru. 5. Isi kata sandi valid 12+ karakter di New password dan Confirm new password. Klik Change password. | L7: Every page redirects to /profile/password. An 11-character password is rejected (minimum 12). Reusing the current password shows "New password must be different from the current one". A valid change shows "Password changed" and opens the home page. The pending badge disappears in User Management. | M7: Semua halaman diarahkan ke /profile/password. Kata sandi 11 karakter ditolak (minimal 12). Kata sandi lama ditolak dengan pesan "New password must be different from the current one". Perubahan valid menampilkan "Password changed" lalu ke beranda. Badge pending hilang. | O7: Not run
A8: E2E-01-03 | B8: J01 Access & accounts | C8: Sign-in | D8: Sign-in is locked after 5 failed attempts | E8: Negative | F8: Medium | G8: PAR-3 | H8: PAR-3 has not failed sign-in in the last 10 minutes. | I8: Wrong password x5, then the correct password | J8: 1. On /sign-in enter PAR-3 email with a wrong password 5 times. 2. On the 6th attempt enter the correct password. | K8: 1. Di /sign-in masukkan email PAR-3 dengan kata sandi salah 5 kali. 2. Pada percobaan ke-6 masukkan kata sandi yang benar. | L8: Attempts 1–5 show "Invalid email or password". Attempt 6 shows "Too many sign-in attempts. Please wait a few minutes and try again." even with the correct password. Sign-in works again after 10 minutes. (The counter also resets when the server restarts.) | M8: Percobaan 1–5 menampilkan "Invalid email or password". Percobaan ke-6 menampilkan "Too many sign-in attempts…" meskipun kata sandi benar. Login kembali bisa setelah 10 menit. | O8: Not run
A9: E2E-01-04 | B9: J01 Access & accounts | C9: User Management | D9: Deactivated account cannot sign in; reactivation restores access | E9: Negative | F9: High | G9: ADM-1, user from E2E-01-01 | H9: User from E2E-01-01 is signed in on another browser. | I9: User email (typed as confirmation) | J9: 1. As ADM-1, open User Management and click Deactivate on the user. Type the user's email to confirm. 2. In the user's browser, refresh any page. 3. Try to sign in again as the user. 4. As ADM-1, click Reactivate. Sign in as the user. | K9: 1. Sebagai ADM-1, buka User Management dan klik Deactivate pada pengguna. Ketik email pengguna untuk konfirmasi. 2. Di browser pengguna, refresh halaman. 3. Coba login lagi sebagai pengguna. 4. Sebagai ADM-1, klik Reactivate. Login sebagai pengguna. | L9: Refresh sends the user to /sign-in. Sign-in shows "This account has been deactivated." The row shows the Deactivated badge. After Reactivate, sign-in works. | M9: Refresh mengarahkan pengguna ke /sign-in. Login menampilkan "This account has been deactivated." Setelah Reactivate, login berhasil. | O9: Not run
A10: E2E-01-05 | B10: J01 Access & accounts | C10: Access control | D10: Each role only reaches its own pages | E10: Negative | F10: High | G10: PAR-1, MEN-A, VOT-1, signed-out browser | H10: None. | I10: URLs /screening, /reviews, /ideas, /voting-management | J10: 1. Signed out, open /ideas. 2. Sign in as PAR-1 and open /screening and /reviews. 3. Sign in as MEN-A and open /voting-management. 4. Sign in as VOT-1 (voter only). | K10: 1. Tanpa login, buka /ideas. 2. Login sebagai PAR-1 lalu buka /screening dan /reviews. 3. Login sebagai MEN-A lalu buka /voting-management. 4. Login sebagai VOT-1 (hanya voter). | L10: Step 1 goes to /sign-in and returns to the page after sign-in only if the user is allowed. Steps 2–3 show /access-denied with Back to home. VOT-1 lands on /voting and sees only Voting, Mentor Profile and Notifications in the menu. | M10: Langkah 1 diarahkan ke /sign-in. Langkah 2–3 menampilkan /access-denied dengan tombol Back to home. VOT-1 masuk ke /voting dan hanya melihat menu Voting, Mentor Profile, dan Notifications. | O10: Not run
A11: E2E-01-06 | B11: J01 Access & accounts | C11: User Management | D11: Admin limits: cannot manage admins/developers or own account | E11: Negative | F11: Medium | G11: ADM-1 | H11: Another admin account exists. | I11: - | J11: 1. As ADM-1, try to change another admin's role. 2. Try to deactivate your own account. 3. Try to change a mentor with pending reviews to User. | K11: 1. Sebagai ADM-1, coba ubah role admin lain. 2. Coba nonaktifkan akun sendiri. 3. Coba ubah mentor yang masih punya review pending menjadi User. | L11: Admins cannot change admin or developer accounts. Own account shows "…deactivate your own account" error. Mentor with pending reviews shows "This mentor still has pending review assignments. Reassign them in Review Assignment first." | M11: Admin tidak bisa mengubah akun admin/developer. Akun sendiri tidak bisa dinonaktifkan. Mentor dengan review pending menampilkan pesan untuk reassign dulu. | O11: Not run
A12: E2E-02-01 | B12: J02 Program setup | C12: Program | D12: Admin configures the active program | E12: Positive | F12: High | G12: ADM-1 | H12: A dedicated UAT program is active (see Test Accounts & Data). | I12: Title, description, 8 milestone dates in order | J12: 1. Open Program. 2. Enter Title, Description and all dates (Submission opens … Voting closes). Use Now on Submission opens. 3. Click Save configuration. 4. Open Overview as PAR-1. | K12: 1. Buka Program. 2. Isi Title, Description, dan semua tanggal. Gunakan Now pada Submission opens. 3. Klik Save configuration. 4. Buka Overview sebagai PAR-1. | L12: Configuration is saved and audited (program_config_updated). The participant overview timeline shows the dates and "Submit your idea by …". | M12: Konfigurasi tersimpan dan tercatat di audit. Timeline di overview peserta menampilkan tanggal dan "Submit your idea by …". | O12: Not run
A13: E2E-02-02 | B13: J02 Program setup | C13: Program | D13: [Known gap] Program configuration rejects invalid input | E13: Negative | F13: Low | G13: ADM-1 | H13: Signed in as ADM-1. | I13: Blank title; Submission closes before Submission opens | J13: 1. Clear Title. 2. Set Submission closes earlier than Submission opens. 3. Click Save configuration. | K13: 1. Kosongkan Title. 2. Atur Submission closes lebih awal dari Submission opens. 3. Klik Save configuration. | L13: Save is refused with a clear message for the blank title and the wrong date order. (Current build accepts both — log a defect if so.) | M13: Penyimpanan ditolak dengan pesan jelas untuk judul kosong dan urutan tanggal yang salah. (Build saat ini menerima keduanya — catat defect.) | O13: Not run
A14: E2E-02-03 | B14: J02 Program setup | C14: Program | D14: Program resource upload limits | E14: Negative | F14: Low | G14: ADM-1 | H14: Signed in as ADM-1. | I14: PDF 2 MB; PDF 11 MB; tool.exe | J14: 1. In the Resources panel click Upload and choose the 2 MB PDF. 2. Upload the 11 MB PDF. 3. Upload tool.exe. | K14: 1. Di panel Resources klik Upload dan pilih PDF 2 MB. 2. Upload PDF 11 MB. 3. Upload tool.exe. | L14: The 2 MB file is listed. The 11 MB file is refused (max 10 MB). tool.exe shows "This file type is not allowed." | M14: File 2 MB tercantum. File 11 MB ditolak (maks 10 MB). tool.exe menampilkan "This file type is not allowed." | O14: Not run
A15: E2E-03-01 | B15: J03 Submit idea | C15: Submit New Idea | D15: Incomplete form shows the validation summary | E15: Negative | F15: Medium | G15: PAR-1 | H15: Active program exists. | I15: Empty form | J15: 1. Open Submit New Idea. 2. Click Submit idea without filling anything. 3. Click one of the links in the summary. | K15: 1. Buka Submit New Idea. 2. Klik Submit idea tanpa mengisi apa pun. 3. Klik salah satu tautan di ringkasan. | L15: A summary "Fix N fields to submit your idea" appears. Each link jumps to its field. No confirmation dialog opens. | M15: Muncul ringkasan "Fix N fields to submit your idea". Setiap tautan menuju kolom terkait. Dialog konfirmasi tidak muncul. | O15: Not run
A16: E2E-03-02 | B16: J03 Submit idea | C16: Submit New Idea | D16: Participant submits a complete idea (main journey idea "UAT Idea A") | E16: Positive | F16: High | G16: PAR-1 | H16: MEN-A and MEN-B have mentor profiles with free capacity. | I16: Title "UAT Idea A", team "Team A", leader PAR-1, member PAR-2, impact Revenue growth, Mentor Priority 1 = MEN-A, Priority 2 = MEN-B | J16: 1. Fill Your idea (title 5+, problem 20+, solution 20+, target users). 2. Team Name, Team Leader = PAR-1, add PAR-2 as member. 3. Business Impact: Impact Type, explanation, measurable result. 4. Mentor Priority 1 and 2. 5. Click Submit idea, then Submit idea in the dialog. | K16: 1. Isi Your idea (judul 5+, masalah 20+, solusi 20+, target pengguna). 2. Team Name, Team Leader = PAR-1, tambahkan PAR-2 sebagai anggota. 3. Business Impact: Impact Type, penjelasan, hasil terukur. 4. Mentor Priority 1 dan 2. 5. Klik Submit idea, lalu Submit idea di dialog. | L16: "Idea submitted" shows and My Ideas lists UAT Idea A as Submitted with Your role = Team leader. The idea can no longer be edited. MEN-A receives "New review assigned". PAR-2 sees the idea as Team member. | M16: Muncul "Idea submitted" dan My Ideas menampilkan UAT Idea A berstatus Submitted. Ide tidak bisa diedit. MEN-A menerima "New review assigned". PAR-2 melihat ide sebagai Team member. | O16: Not run
A17: E2E-03-03 | B17: J03 Submit idea | C17: Submit New Idea | D17: Team and mentor rules on the form | E17: Negative | F17: Medium | G17: PAR-1 | H17: 6 active employees available. | I17: Five members + one more; duplicate member; same mentor twice | J17: 1. Add 5 team members, then try to add a 6th. 2. Try to add the same person twice, and the leader as a member. 3. Choose the same mentor for Priority 1 and Priority 2. | K17: 1. Tambahkan 5 anggota tim, lalu coba tambah yang ke-6. 2. Coba tambah orang yang sama dua kali, dan leader sebagai anggota. 3. Pilih mentor yang sama untuk Priority 1 dan Priority 2. | L17: A 6th member cannot be added. Duplicates and the leader-as-member are rejected. The mentor already chosen is disabled with "Already your priority 1". | M17: Anggota ke-6 tidak bisa ditambahkan. Duplikat dan leader sebagai anggota ditolak. Mentor yang sudah dipilih nonaktif dengan keterangan "Already your priority 1". | O17: Not run
... A51: E2E-14-04 | B51: J14 Reports, audit, notifications & UI | C51: UI | D51: Theme, mobile navigation and error pages | E51: Positive | F51: Low | G51: Any | H51: Desktop and phone (or browser at 375 px width). | I51: /does-not-exist | J51: 1. Switch the theme to Light, Dark and System. 2. On a phone width, use the bottom bar and More. 3. Open /does-not-exist. | K51: 1. Ganti tema ke Light, Dark, dan System. 2. Di lebar ponsel, gunakan bar bawah dan More. 3. Buka /does-not-exist. | L51: Both themes are readable. The bottom bar shows the role's main pages and More shows the rest. The 404 page shows "We could not find that page" with Go to your overview. | M51: Kedua tema terbaca jelas. Bar bawah menampilkan halaman utama dan More sisanya. Halaman 404 menampilkan "We could not find that page". | O51: Not run

Sheet Summary Dashboard
A1: Godrej Consumer Products · AIdea UAT
A2: Summary Dashboard
A3: Calculated from "Test Cases" and "Defect Log" — do not edit
A5: Journey | B5: Total | C5: Pass | D5: Fail | E5: Blocked | F5: Not run | G5: % executed | H5: % passed
A6: J01 Access & accounts | B6: =COUNTIF('Test Cases'!$B$6:$B$500,A6) -> 6 | C6: =COUNTIFS('Test Cases'!$B$6:$B$500,$A6,'Test Cases'!$O$6:$O$500,"Pass") -> 0 | D6: =COUNTIFS('Test Cases'!$B$6:$B$500,$A6,'Test Cases'!$O$6:$O$500,"Fail") -> 0 | E6: =COUNTIFS('Test Cases'!$B$6:$B$500,$A6,'Test Cases'!$O$6:$O$500,"Blocked") -> 0 | F6: =B6-C6-D6-E6 -> 6 | G6: =IF(B6=0,0,(C6+D6+E6)/B6) -> 0 | H6: =IF((C6+D6+E6)=0,0,C6/(C6+D6+E6)) -> 0
A7: J02 Program setup | B7: =COUNTIF('Test Cases'!$B$6:$B$500,A7) -> 3 | C7: =COUNTIFS('Test Cases'!$B$6:$B$500,$A7,'Test Cases'!$O$6:$O$500,"Pass") -> 0 | D7: =COUNTIFS('Test Cases'!$B$6:$B$500,$A7,'Test Cases'!$O$6:$O$500,"Fail") -> 0 | E7: =COUNTIFS('Test Cases'!$B$6:$B$500,$A7,'Test Cases'!$O$6:$O$500,"Blocked") -> 0 | F7: =B7-C7-D7-E7 -> 3 | G7: =IF(B7=0,0,(C7+D7+E7)/B7) -> 0 | H7: =IF((C7+D7+E7)=0,0,C7/(C7+D7+E7)) -> 0
A8: J03 Submit idea | B8: =COUNTIF('Test Cases'!$B$6:$B$500,A8) -> 5 | C8: =COUNTIFS('Test Cases'!$B$6:$B$500,$A8,'Test Cases'!$O$6:$O$500,"Pass") -> 0 | D8: =COUNTIFS('Test Cases'!$B$6:$B$500,$A8,'Test Cases'!$O$6:$O$500,"Fail") -> 0 | E8: =COUNTIFS('Test Cases'!$B$6:$B$500,$A8,'Test Cases'!$O$6:$O$500,"Blocked") -> 0 | F8: =B8-C8-D8-E8 -> 5 | G8: =IF(B8=0,0,(C8+D8+E8)/B8) -> 0 | H8: =IF((C8+D8+E8)=0,0,C8/(C8+D8+E8)) -> 0
A9: J04 Reviewer routing | B9: =COUNTIF('Test Cases'!$B$6:$B$500,A9) -> 3 | C9: =COUNTIFS('Test Cases'!$B$6:$B$500,$A9,'Test Cases'!$O$6:$O$500,"Pass") -> 0 | D9: =COUNTIFS('Test Cases'!$B$6:$B$500,$A9,'Test Cases'!$O$6:$O$500,"Fail") -> 0 | E9: =COUNTIFS('Test Cases'!$B$6:$B$500,$A9,'Test Cases'!$O$6:$O$500,"Blocked") -> 0 | F9: =B9-C9-D9-E9 -> 3 | G9: =IF(B9=0,0,(C9+D9+E9)/B9) -> 0 | H9: =IF((C9+D9+E9)=0,0,C9/(C9+D9+E9)) -> 0
A10: J05 Mentor review | B10: =COUNTIF('Test Cases'!$B$6:$B$500,A10) -> 2 | C10: =COUNTIFS('Test Cases'!$B$6:$B$500,$A10,'Test Cases'!$O$6:$O$500,"Pass") -> 0 | D10: =COUNTIFS('Test Cases'!$B$6:$B$500,$A10,'Test Cases'!$O$6:$O$500,"Fail") -> 0 | E10: =COUNTIFS('Test Cases'!$B$6:$B$500,$A10,'Test Cases'!$O$6:$O$500,"Blocked") -> 0 | F10: =B10-C10-D10-E10 -> 2 | G10: =IF(B10=0,0,(C10+D10+E10)/B10) -> 0 | H10: =IF((C10+D10+E10)=0,0,C10/(C10+D10+E10)) -> 0
A11: J06 Screening | B11: =COUNTIF('Test Cases'!$B$6:$B$500,A11) -> 3 | C11: =COUNTIFS('Test Cases'!$B$6:$B$500,$A11,'Test Cases'!$O$6:$O$500,"Pass") -> 0 | D11: =COUNTIFS('Test Cases'!$B$6:$B$500,$A11,'Test Cases'!$O$6:$O$500,"Fail") -> 0 | E11: =COUNTIFS('Test Cases'!$B$6:$B$500,$A11,'Test Cases'!$O$6:$O$500,"Blocked") -> 0 | F11: =B11-C11-D11-E11 -> 3 | G11: =IF(B11=0,0,(C11+D11+E11)/B11) -> 0 | H11: =IF((C11+D11+E11)=0,0,C11/(C11+D11+E11)) -> 0
A12: J07 Qualifier | B12: =COUNTIF('Test Cases'!$B$6:$B$500,A12) -> 2 | C12: =COUNTIFS('Test Cases'!$B$6:$B$500,$A12,'Test Cases'!$O$6:$O$500,"Pass") -> 0 | D12: =COUNTIFS('Test Cases'!$B$6:$B$500,$A12,'Test Cases'!$O$6:$O$500,"Fail") -> 0 | E12: =COUNTIFS('Test Cases'!$B$6:$B$500,$A12,'Test Cases'!$O$6:$O$500,"Blocked") -> 0 | F12: =B12-C12-D12-E12 -> 2 | G12: =IF(B12=0,0,(C12+D12+E12)/B12) -> 0 | H12: =IF((C12+D12+E12)=0,0,C12/(C12+D12+E12)) -> 0
A13: J08 Project mentor & presentation | B13: =COUNTIF('Test Cases'!$B$6:$B$500,A13) -> 2 | C13: =COUNTIFS('Test Cases'!$B$6:$B$500,$A13,'Test Cases'!$O$6:$O$500,"Pass") -> 0 | D13: =COUNTIFS('Test Cases'!$B$6:$B$500,$A13,'Test Cases'!$O$6:$O$500,"Fail") -> 0 | E13: =COUNTIFS('Test Cases'!$B$6:$B$500,$A13,'Test Cases'!$O$6:$O$500,"Blocked") -> 0 | F13: =B13-C13-D13-E13 -> 2 | G13: =IF(B13=0,0,(C13+D13+E13)/B13) -> 0 | H13: =IF((C13+D13+E13)=0,0,C13/(C13+D13+E13)) -> 0
A14: J09 Team membership | B14: =COUNTIF('Test Cases'!$B$6:$B$500,A14) -> 2 | C14: =COUNTIFS('Test Cases'!$B$6:$B$500,$A14,'Test Cases'!$O$6:$O$500,"Pass") -> 0 | D14: =COUNTIFS('Test Cases'!$B$6:$B$500,$A14,'Test Cases'!$O$6:$O$500,"Fail") -> 0 | E14: =COUNTIFS('Test Cases'!$B$6:$B$500,$A14,'Test Cases'!$O$6:$O$500,"Blocked") -> 0 | F14: =B14-C14-D14-E14 -> 2 | G14: =IF(B14=0,0,(C14+D14+E14)/B14) -> 0 | H14: =IF((C14+D14+E14)=0,0,C14/(C14+D14+E14)) -> 0
A15: J10 Final presentation | B15: =COUNTIF('Test Cases'!$B$6:$B$500,A15) -> 4 | C15: =COUNTIFS('Test Cases'!$B$6:$B$500,$A15,'Test Cases'!$O$6:$O$500,"Pass") -> 0 | D15: =COUNTIFS('Test Cases'!$B$6:$B$500,$A15,'Test Cases'!$O$6:$O$500,"Fail") -> 0 | E15: =COUNTIFS('Test Cases'!$B$6:$B$500,$A15,'Test Cases'!$O$6:$O$500,"Blocked") -> 0 | F15: =B15-C15-D15-E15 -> 4 | G15: =IF(B15=0,0,(C15+D15+E15)/B15) -> 0 | H15: =IF((C15+D15+E15)=0,0,C15/(C15+D15+E15)) -> 0
A16: J11 Showcase content | B16: =COUNTIF('Test Cases'!$B$6:$B$500,A16) -> 1 | C16: =COUNTIFS('Test Cases'!$B$6:$B$500,$A16,'Test Cases'!$O$6:$O$500,"Pass") -> 0 | D16: =COUNTIFS('Test Cases'!$B$6:$B$500,$A16,'Test Cases'!$O$6:$O$500,"Fail") -> 0 | E16: =COUNTIFS('Test Cases'!$B$6:$B$500,$A16,'Test Cases'!$O$6:$O$500,"Blocked") -> 0 | F16: =B16-C16-D16-E16 -> 1 | G16: =IF(B16=0,0,(C16+D16+E16)/B16) -> 0 | H16: =IF((C16+D16+E16)=0,0,C16/(C16+D16+E16)) -> 0
A17: J12 Voting | B17: =COUNTIF('Test Cases'!$B$6:$B$500,A17) -> 7 | C17: =COUNTIFS('Test Cases'!$B$6:$B$500,$A17,'Test Cases'!$O$6:$O$500,"Pass") -> 0 | D17: =COUNTIFS('Test Cases'!$B$6:$B$500,$A17,'Test Cases'!$O$6:$O$500,"Fail") -> 0 | E17: =COUNTIFS('Test Cases'!$B$6:$B$500,$A17,'Test Cases'!$O$6:$O$500,"Blocked") -> 0 | F17: =B17-C17-D17-E17 -> 7 | G17: =IF(B17=0,0,(C17+D17+E17)/B17) -> 0 | H17: =IF((C17+D17+E17)=0,0,C17/(C17+D17+E17)) -> 0
... A19: J14 Reports, audit, notifications & UI | B19: =COUNTIF('Test Cases'!$B$6:$B$500,A19) -> 4 | C19: =COUNTIFS('Test Cases'!$B$6:$B$500,$A19,'Test Cases'!$O$6:$O$500,"Pass") -> 0 | D19: =COUNTIFS('Test Cases'!$B$6:$B$500,$A19,'Test Cases'!$O$6:$O$500,"Fail") -> 0 | E19: =COUNTIFS('Test Cases'!$B$6:$B$500,$A19,'Test Cases'!$O$6:$O$500,"Blocked") -> 0 | F19: =B19-C19-D19-E19 -> 4 | G19: =IF(B19=0,0,(C19+D19+E19)/B19) -> 0 | H19: =IF((C19+D19+E19)=0,0,C19/(C19+D19+E19)) -> 0
A20: Total | B20: =SUM(B6:B19) -> 46 | C20: =SUM(C6:C19) -> 0 | D20: =SUM(D6:D19) -> 0 | E20: =SUM(E6:E19) -> 0 | F20: =SUM(F6:F19) -> 46 | G20: =IF(B20=0,0,(C20+D20+E20)/B20) -> 0 | H20: =IF((C20+D20+E20)=0,0,C20/(C20+D20+E20)) -> 0
A22: By priority
A23: Priority | B23: Total | C23: Pass | D23: Fail | E23: Blocked | F23: Not run | G23: % executed | H23: % passed
A24: High | B24: =COUNTIF('Test Cases'!$F$6:$F$500,A24) -> 26 | C24: =COUNTIFS('Test Cases'!$F$6:$F$500,$A24,'Test Cases'!$O$6:$O$500,"Pass") -> 0 | D24: =COUNTIFS('Test Cases'!$F$6:$F$500,$A24,'Test Cases'!$O$6:$O$500,"Fail") -> 0 | E24: =COUNTIFS('Test Cases'!$F$6:$F$500,$A24,'Test Cases'!$O$6:$O$500,"Blocked") -> 0 | F24: =B24-C24-D24-E24 -> 26 | G24: =IF(B24=0,0,(C24+D24+E24)/B24) -> 0 | H24: =IF((C24+D24+E24)=0,0,C24/(C24+D24+E24)) -> 0
A25: Medium | B25: =COUNTIF('Test Cases'!$F$6:$F$500,A25) -> 14 | C25: =COUNTIFS('Test Cases'!$F$6:$F$500,$A25,'Test Cases'!$O$6:$O$500,"Pass") -> 0 | D25: =COUNTIFS('Test Cases'!$F$6:$F$500,$A25,'Test Cases'!$O$6:$O$500,"Fail") -> 0 | E25: =COUNTIFS('Test Cases'!$F$6:$F$500,$A25,'Test Cases'!$O$6:$O$500,"Blocked") -> 0 | F25: =B25-C25-D25-E25 -> 14 | G25: =IF(B25=0,0,(C25+D25+E25)/B25) -> 0 | H25: =IF((C25+D25+E25)=0,0,C25/(C25+D25+E25)) -> 0
A26: Low | B26: =COUNTIF('Test Cases'!$F$6:$F$500,A26) -> 6 | C26: =COUNTIFS('Test Cases'!$F$6:$F$500,$A26,'Test Cases'!$O$6:$O$500,"Pass") -> 0 | D26: =COUNTIFS('Test Cases'!$F$6:$F$500,$A26,'Test Cases'!$O$6:$O$500,"Fail") -> 0 | E26: =COUNTIFS('Test Cases'!$F$6:$F$500,$A26,'Test Cases'!$O$6:$O$500,"Blocked") -> 0 | F26: =B26-C26-D26-E26 -> 6 | G26: =IF(B26=0,0,(C26+D26+E26)/B26) -> 0 | H26: =IF((C26+D26+E26)=0,0,C26/(C26+D26+E26)) -> 0
A28: Defects by severity (excluding the example row)
A29: Severity | B29: Logged | C29: Open (not Closed / Won't fix)
A30: Critical | B30: =COUNTIFS('Defect Log'!$D$6:$D$1000,A30,'Defect Log'!$A$6:$A$1000,"<>DEF-000") -> 0 | C30: =COUNTIFS('Defect Log'!$D$6:$D$1000,A30,'Defect Log'!$L$6:$L$1000,"<>Closed",'Defect Log'!$L$6:$L$1000,"<>Won't fix",'Defect Log'!$A$6:$A$1000,"<>DEF-000") -> 0
A31: High | B31: =COUNTIFS('Defect Log'!$D$6:$D$1000,A31,'Defect Log'!$A$6:$A$1000,"<>DEF-000") -> 0 | C31: =COUNTIFS('Defect Log'!$D$6:$D$1000,A31,'Defect Log'!$L$6:$L$1000,"<>Closed",'Defect Log'!$L$6:$L$1000,"<>Won't fix",'Defect Log'!$A$6:$A$1000,"<>DEF-000") -> 0
A32: Medium | B32: =COUNTIFS('Defect Log'!$D$6:$D$1000,A32,'Defect Log'!$A$6:$A$1000,"<>DEF-000") -> 0 | C32: =COUNTIFS('Defect Log'!$D$6:$D$1000,A32,'Defect Log'!$L$6:$L$1000,"<>Closed",'Defect Log'!$L$6:$L$1000,"<>Won't fix",'Defect Log'!$A$6:$A$1000,"<>DEF-000") -> 0
A33: Low | B33: =COUNTIFS('Defect Log'!$D$6:$D$1000,A33,'Defect Log'!$A$6:$A$1000,"<>DEF-000") -> 0 | C33: =COUNTIFS('Defect Log'!$D$6:$D$1000,A33,'Defect Log'!$L$6:$L$1000,"<>Closed",'Defect Log'!$L$6:$L$1000,"<>Won't fix",'Defect Log'!$A$6:$A$1000,"<>DEF-000") -> 0
A35: Exit criteria met? | B35: =IF(AND(C30+C31=0,COUNTIFS('Test Cases'!$F$6:$F$500,"High",'Test Cases'!$O$6:$O$500,"Not run")=0),"Yes","No") -> No
A36: Rule: no open Critical or High defects, and every High-priority case executed.

Sheet Defect Log
A1: Godrej Consumer Products · AIdea UAT
A2: Defect Log
A3: One row per defect. Link it to the failing test case. Row 6 is an example — delete it before use.
A5: Defect ID | B5: Linked test ID | C5: Title | D5: Severity | E5: Steps to reproduce | F5: Expected | G5: Actual | H5: Environment / build | I5: Reported by | J5: Date reported | K5: Assigned to | L5: Status | M5: Resolution notes
A6: DEF-000 | B6: E2E-05-02 | C6: EXAMPLE – Reopen review accepts a 1-character reason | D6: Low | E6: 1. Idea Management › idea › Reopen review 2. Type "x" 3. Click Reopen | F6: Reason under 10 characters is refused | G6: Review reopened with reason "x" | H6: UAT · commit 4c2e909 | I6: QA tester | K6: Dev team | L6: Closed | M6: Example row only — delete before use.

Sheet Test Accounts & Data
A1: Godrej Consumer Products · AIdea UAT
A2: Test Accounts & Data
A3: Fill in real UAT accounts. Never store passwords in this workbook — share them through a password manager.
A5: Code | B5: Role in app | C5: Purpose | D5: Suggested account (local demo) | E5: UAT account email | F5: Ready?
A6: ADM-1 | B6: Admin | C6: Runs all admin journeys and publishing. | D6: demo.admin1@godrejcp.com
A7: ADM-2 | B7: Admin | C7: Second admin for E2E-01-06 (admin cannot manage admins). | D7: demo.admin2@godrejcp.com
A8: DEV-1 | B8: Developer | C8: Optional: developer-only actions (delete ideas, manage admins). | D8: A developer account
A9: MEN-A | B9: Mentor (capacity 10) | C9: Priority-1 mentor for UAT Idea A; reviewer. | D9: demo.mentor1@godrejcp.com
A10: MEN-B | B10: Mentor (capacity 10) | C10: Priority-2 mentor; project mentor; changed reviewer. | D10: demo.mentor2@godrejcp.com
A11: MEN-LOW | B11: Mentor (capacity 2) | C11: Full mentor for routing cases (needs 2 pending reviews). | D11: demo.mentor3@godrejcp.com
A12: PAR-1 | B12: User (participant) | C12: Leader of UAT Idea A. | D12: demo.participant1@godrejcp.com
A13: PAR-2 | B13: User (participant) | C13: Member of UAT Idea A; leader of UAT Idea B; commit-panel case. | D13: demo.participant2@godrejcp.com
A14: PAR-3 | B14: User (participant) | C14: Leader of UAT Idea C; rate-limit and replacement-leader cases. | D14: demo.participant3@godrejcp.com
A15: VOT-1 | B15: Voter only | C15: Voting and access-control cases. | D15: demo.voter1@godrejcp.com
A16: VOT-2 | B16: Voter only | C16: Late-entry voting case. | D16: demo.voter2@godrejcp.com
A17: Each account must be active, have changed its first password, and (for mentors) have a mentor profile.
A19: Data to prepare
A20: # | B20: Item | C20: Details | D20: Used in | E20: Location / notes | F20: Ready?
A21: 1 | B21: Dedicated UAT program | C21: Create a program called e.g. "UAT 2026" and make it the active program. Every Publish button publishes all ready ideas in the active program. | D21: All
A22: 2 | B22: Mentor capacity | C22: Set MEN-LOW capacity to 2 in Mentor Directory and give it 2 pending reviews before J04. | D22: E2E-04-01, 04-02
A23: 3 | B23: Presentation files | C23: deck.pptx under 25 MB; big.pdf of 26 MB; notes.docx. | D23: E2E-08-02
A24: 4 | B24: Showcase images | C24: photo.png under 5 MB; big.jpg of 6 MB; anim.gif. | D24: E2E-11-01
A25: 5 | B25: Program resources | C25: PDF 2 MB; PDF 11 MB; tool.exe (any renamed file). | D25: E2E-02-03
A26: 6 | B26: Second approved idea for PAR-2 | C26: An idea led by PAR-2 that passes screening (UAT Idea B with decision Pass, or a separate idea). | D26: E2E-09-01
A27: 7 | B27: Second final-presentation idea | C27: Another idea with a published Build, for the winner-category and late-entry cases. | D27: E2E-10-03, 12-06
A28: 8 | B28: Clock control | C28: For results, set Closes at a few minutes ahead and wait, or ask IT to adjust it in the database. | D28: E2E-13-01

Sheet Sign-off
A1: Godrej Consumer Products · AIdea UAT
A2: UAT Sign-off
A3: Approval to move AIdea to production
A5: Approver role | B5: Name | C5: Department | D5: Decision | E5: Conditions / comments | F5: Signature | G5: Date
A6: Business owner (GCPL)
A7: IT lead
A8: QA lead
A9: Program admin representative
A11: Exit criteria
A12: • No open Critical or High defects (see Summary Dashboard).
A13: • 100% of High-priority cases executed.
A14: • Known gaps either fixed or accepted in writing in "Conditions / comments".
A16: Exit criteria met (from dashboard): | B16: ='Summary Dashboard'!B35 -> No
